ReportIndex,Report Name,API URL,Notes,Updation Time,Interval,Input,Input Description,Column_Name,Column_DataType,Column_Description,Is_Unique,Is_Index,GQL_Alias
1,Company Master,http://jwttoken.cmots.com/Aidea/api/CompanyMaster,,11:30 PM,Once on trading day,NA,NA,Output,OutputType,OutDesc,,,
,,,,,,,,co_code,Int,CMOTS Company Code,TRUE,TRUE,
,,,,,,,,bsecode,Int,BSE Scrip Code,,,
,,,,,,,,nsesymbol,Varchar(100),NSE Symbol,,TRUE,
,,,,,,,,companyname,Varchar(100),Company Name,,,company_name
,,,,,,,,companyshortname,Varchar(100),Company Short Name,,,
,,,,,,,,categoryname,Varchar(100),Category Name,,,
,,,,,,,,isin,Varchar(100),ISIN,,,
,,,,,,,,bsegroup,Varchar(100),BSE Group,,,
,,,,,,,,mcaptype,Varchar(100),Mcap Type,,,
,,,,,,,,sectorcode,Int,Sect Code,,,
,,,,,,,,sectorname,Varchar(100),Sect Name,,,
,,,,,,,,industrycode,Int,Industry Code,,,
,,,,,,,,industryname,Varchar(100),Industry Name,,,
,,,,,,,,bselistedflag,Varchar(100),BSE Listed Flag,,,
,,,,,,,,nselistedflag,Varchar(100),NSE Listed Flag,,,
,,,,,,,,displaytype,Varchar(100),Display Type,,,
,,,,,,,,BSEStatus,Varchar(100),BSE Status,,,
,,,,,,,,NSEStatus,Varchar(100),NSE Status,,,
,,,,,,,,mcap,Float,Market Capitalization,,,
2,Sector Master,http://jwttoken.cmots.com/Aidea/api/SectorMaster,,11:30 PM,Once on trading day,N/A,N/A,Output,OutputType,OutDesc,,,
,,,,,,,,sect_code,int,Sect Code,TRUE,TRUE,
,,,,,,,,sect_name,varchar(100),Sect Name,,,sector_name
3,Index Master,http://jwttoken.cmots.com/Aidea/api/Index-master/NSE,,11:30 PM,Once on trading day,exchange,Exchange(BSE / NSE),Output,OutputType,OutDesc,,,
,,,,,,,,exchange,varchar(100),Exchange,,,
,,,,,,,,index_code,int,Index Code,TRUE,TRUE,
,,,,,,,,index_name,varchar(100),Index Name,,,index_name
,,,,,,,,index_symbol,varchar(100),Index Symbol,,,index_symbol
4,Sector Wise Company,http://jwttoken.cmots.com/Aidea/api/SectorWiseComp/00000006,,11:30 PM,Once on trading day,sect_code,Sect Code,Output,OutputType,OutDesc,,,
,,,,,,,,co_code,Int,CMOTS Company Code,TRUE,TRUE,
,,,,,,,,co_name,Varchar(100),Company Name,,,
,,,,,,,,lname,Varchar(100),Last Name,,,
,,,,,,,,sect_code,int,Sect Code,TRUE,TRUE,
,,,,,,,,sc_code,Int,BSE Scrip Code,,,
,,,,,,,,symbol,Varchar(100),NSE Company Symbol,,,
,,,,,,,,sect_name,varchar(50),Sect Name,,,
,,,,,,,,Exchange_BSE,varchar(50),Exchange BSE,,,
,,,,,,,,Exchange_NSE,varchar(50),Exchange NSE,,,
,,,,,,,,isin,varchar(50),ISIN,,,
5,Index Wise Company,http://jwttoken.cmots.com/Aidea/api/IndexWiseComp/26753,,11:30 PM,Once on trading day,index_code,index_code,Output,OutputType,OutDesc,,,
,,,,,,,,co_code,Int,CMOTS Company Code,TRUE,TRUE,
,,,,,,,,CompanyShortName,varchar(50),Company Short Name,,,
,,,,,,,,CompanyLongName,Varchar(100),Company Long Name,,,
,,,,,,,,index_code,int,Index Code,TRUE,TRUE,
,,,,,,,,BSECode,Int,Scrip Code,,,
,,,,,,,,NSESymbol,varchar(50),Symbol,,,
,,,,,,,,ISIN,varchar(50),ISIN,,,
,,,,,,,,SectorName,Varchar(100),Sect Name,,,sector_name
6,Exchange Holidays,http://jwttoken.cmots.com/Aidea/api/Exchange-Holidays/NSE,,11:30 PM,Once on trading day,Exchg,Exchange(BSE / NSE),Output,OutputType,OutDesc,,,
,,,,,,,,HolidayDate,Datetime,Holiday Date,TRUE,TRUE,
,,,,,,,,Purpose,Varchar(100),Purpose,,,
,,,,,,,,day,Varchar(100),Day,,,
7,Results Today,http://jwttoken.cmots.com/Aidea/api/Today-Results,,11:30 PM,Once on trading day,N/A,N/A,Output,OutputType,OutDesc,,,
,,,,,,,,co_code,int,CMOTS Company Code,TRUE,TRUE,
,,,,,,,,symbol,Varchar(100),NSE Symbol,,,
,,,,,,,,isin,Varchar(100),ISIN,,,
,,,,,,,,co_name,Varchar(100),Company Name,,,
,,,,,,,,AnnouncementDate,Datetime,Announcement Date,,,
,,,,,,,,ResultDate,Datetime,Result Date,TRUE,TRUE,
8,Result Data Declaration List,http://jwttoken.cmots.com/Aidea/api/ResultDataDeclarations/2024-08-10,,11:30 PM,Once on trading day,latestdate,Latest Date,Output,OutputType,OutDesc,,,
,,,,,,,,co_code,int,CMOTS Company Code,TRUE,TRUE,
,,,,,,,,ResultDate,Datetime,Result Date,TRUE,TRUE,
,,,,,,,,ReportType,Varchar(100),Report Type,TRUE,TRUE,
9,Annual Report Data Declaration List,http://jwttoken.cmots.com/Aidea/api/AnnualDataDeclarations/2024-08-10,,11:30 PM,Once on trading day,latestdate,Latest Date,Output,OutputType,OutDesc,,,
,,,,,,,,co_code,int,CMOTS Company Code,TRUE,TRUE,
,,,,,,,,ReportDate,Datetime,Report Date,TRUE,TRUE,report_date
,,,,,,,,ReportType,Varchar(100),Report Type,TRUE,TRUE,report_type
10,Company Profile,http://jwttoken.cmots.com/Aidea/api/CompanyProfile/476,,11:30 PM,Once on trading day,cocode,CMOTS Company code,Output,OutputType,OutDesc,,,
,,,,,,,,lname,varchar(100),Company Long Name,,,
,,,,,,,,isin,varchar(50),ISIN,,,
,,,,,,,,hse_s_name,varchar(50),HSE_S_NAME,,,
,,,,,,,,inc_dt,varchar(50),INC_DT,,,
,,,,,,,,regadd1,varchar(100),Registrar Address 1,,,
,,,,,,,,regadd2,varchar(50),Registrar Address 2,,,
,,,,,,,,regdist,varchar(100),Registrar District,,,
,,,,,,,,regstate,varchar(50),Registrar State,,,
,,,,,,,,regpin,varchar(50),Registrar Pincode,,,
,,,,,,,,tel1,varchar(50),Telephone,,,
,,,,,,,,ind_l_name,varchar(100),Industry Last Name,,,
,,,,,,,,tel2,varchar(100),Telephone 2,,,
,,,,,,,,fax1,varchar(50),Fax 1,,,
,,,,,,,,fax2,null,Fax 2,,,
,,,,,,,,auditor,varchar(100),Auditor,,,
,,,,,,,,fv,Int,Face Value,,,
,,,,,,,,mkt_lot,Int,Market Lot,,,
,,,,,,,,chairman,varchar(50),Chairman,,,
,,,,,,,,co_sec,varchar(50),Company Sector,,,
,,,,,,,,co_code,Int,CMOTS Company Code,TRUE,TRUE,
,,,,,,,,email,varchar(50),Company Email,,,
,,,,,,,,internet,varchar(50),Internet,,,
,,,,,,,,dir_name,varchar(50),Director Name,,,
,,,,,,,,dir_desg,varchar(50),Director Designation,,,
,,,,,,,,co_code1,Int,Company Code 1,,,
,,,,,,,,ho_add1,varchar(50),Head Office Address 1,,,
,,,,,,,,ho_add2,varchar(50),Head Office Address 2,,,
,,,,,,,,ho_add3,varchar(50),Head Office Address 3,,,
,,,,,,,,ho_city,varchar(50),Head Office City,,,
,,,,,,,,ho_stcode,varchar(50),Head Office State Code,,,
,,,,,,,,ho_statename,varchar(50),Head Office State Name,,,
,,,,,,,,ho_pin,Int,Head Office Pin code,,,
,,,,,,,,ho_tel1,varchar(50),Head Office Telephone1,,,
,,,,,,,,ho_tel2,Int,Head  Office Telephone2,,,
,,,,,,,,ho_fax1,Int,Head Office Fax1,,,
,,,,,,,,ho_fax2,Int,Head Office Fax2,,,
,,,,,,,,ho_email,varchar(50),Head Office Email,,,
,,,,,,,,ho_ctry_name,varchar(50),Head Office Country Name,,,
,,,,,,,,co_code2,Float,Company Code 2,,,
,,,,,,,,co_add1,Float,Company Address 1,,,
,,,,,,,,co_add2,Float,Company Address 2,,,
,,,,,,,,co_add3,Float,Company Address 3,,,
,,,,,,,,co_city,Float,Company City,,,
,,,,,,,,co_stcode,Float,Company State Code,,,
,,,,,,,,co_statename,Float,Company State Name,,,
,,,,,,,,co_pin,Float,Company Pin Code,,,
,,,,,,,,co_tel1,Float,Company Telephone 1,,,
,,,,,,,,co_tel2,Float,Company Telephone 2,,,
,,,,,,,,co_fax1,Float,Company Fax 1,,,
,,,,,,,,co_fax2,Float,Company Fax 2,,,
,,,,,,,,co_email,Float,Company Email,,,
,,,,,,,,co_ctry_name,Float,Company Country Name,,,
,,,,,,,,co_code3,Int,Company Code 3,,,
,,,,,,,,rcode,varchar(50),Registrar Code,,,
,,,,,,,,reg_name,varchar(100),Regsitrar Name,,,
,,,,,,,,reg_add1,varchar(100),Registrar Address 1,,,
,,,,,,,,reg_add2,varchar(100),Registrar Address 2,,,
,,,,,,,,reg_add3,varchar(100),Registrar Address 3,,,
,,,,,,,,reg_add4,varchar(100),Registrar Address 4,,,
,,,,,,,,reg_tel,varchar(100),Registrar Telephone,,,
,,,,,,,,reg_fax,varchar(100),Registrar Fax,,,
,,,,,,,,reg_email,varchar(100),Registrar Email,,,
,,,,,,,,reg_internet,varchar(100),Registrar Internet,,,
,,,,,,,,flag,varchar(100),Flag,,,
11,Company Background,http://jwttoken.cmots.com/Aidea/api/CompBackground/476,,11:30 PM,Once on trading day,cocode,CMOTS Company code,Output,OutputType,OutDesc,,,
,,,,,,,,lname,varchar(100),Company Long Name,,,
,,,,,,,,isin,varchar(50),ISIN,,,
,,,,,,,,hse_s_name,varchar(50),HSE_S_NAME,,,
,,,,,,,,inc_dt,varchar(50),INC_DT,,,
,,,,,,,,regadd1,varchar(100),Registrar Address 1,,,
,,,,,,,,regadd2,varchar(50),Registrar Address 2,,,
,,,,,,,,regdist,varchar(100),Registrar District,,,
,,,,,,,,regstate,varchar(50),Registrar State,,,
,,,,,,,,regpin,varchar(50),Registrar Pincode,,,
,,,,,,,,tel1,varchar(50),Telephone,,,
,,,,,,,,ind_l_name,varchar(100),Industry Last Name,,,
,,,,,,,,tel2,varchar(100),Telephone 2,,,
,,,,,,,,fax1,varchar(50),Fax 1,,,
,,,,,,,,fax2,null,Fax 2,,,
,,,,,,,,auditor,varchar(100),Auditor,,,
,,,,,,,,fv,Int,Face Value,,,
,,,,,,,,mkt_lot,Int,Market Lot,,,
,,,,,,,,chairman,varchar(50),Chairman,,,
,,,,,,,,co_sec,varchar(50),Company Sector,,,
,,,,,,,,co_code,Int,CMOTS Company Code,TRUE,TRUE,
,,,,,,,,email,varchar(50),Company Email,,,
,,,,,,,,internet,varchar(50),Internet,,,
,,,,,,,,dir_name,varchar(50),Director Name,,,
,,,,,,,,dir_desg,varchar(50),Director Designation,,,
,,,,,,,,co_code1,Int,Company Code 1,,,
,,,,,,,,ho_add1,varchar(50),Head Office Address 1,,,
,,,,,,,,ho_add2,varchar(50),Head Office Address 2,,,
,,,,,,,,ho_add3,varchar(50),Head Office Address 3,,,
,,,,,,,,ho_city,varchar(50),Head Office City,,,
,,,,,,,,ho_stcode,varchar(50),Head Office State Code,,,
,,,,,,,,ho_statename,varchar(50),Head Office State Name,,,
,,,,,,,,ho_pin,Int,Head Office Pin code,,,
,,,,,,,,ho_tel1,varchar(50),Head Office Telephone1,,,
,,,,,,,,ho_tel2,Int,Head  Office Telephone2,,,
,,,,,,,,ho_fax1,Int,Head Office Fax1,,,
,,,,,,,,ho_fax2,Int,Head Office Fax2,,,
,,,,,,,,ho_email,varchar(50),Head Office Email,,,
,,,,,,,,ho_ctry_name,varchar(50),Head Office Country Name,,,
,,,,,,,,co_code2,Float,Company Code 2,,,
,,,,,,,,co_add1,Float,Company Address 1,,,
,,,,,,,,co_add2,Float,Company Address 2,,,
,,,,,,,,co_add3,Float,Company Address 3,,,
,,,,,,,,co_city,Float,Company City,,,
,,,,,,,,co_stcode,Float,Company State Code,,,
,,,,,,,,co_statename,Float,Company State Name,,,
,,,,,,,,co_pin,Float,Company Pin Code,,,
,,,,,,,,co_tel1,Float,Company Telephone 1,,,
,,,,,,,,co_tel2,Float,Company Telephone 2,,,
,,,,,,,,co_fax1,Float,Company Fax 1,,,
,,,,,,,,co_fax2,Float,Company Fax 2,,,
,,,,,,,,co_email,Float,Company Email,,,
,,,,,,,,co_ctry_name,Float,Company Country Name,,,
,,,,,,,,co_code3,Int,Company Code 3,,,
,,,,,,,,rcode,varchar(50),Registrar Code,,,
,,,,,,,,reg_name,varchar(100),Regsitrar Name,,,
,,,,,,,,reg_add1,varchar(100),Registrar Address 1,,,
,,,,,,,,reg_add2,varchar(100),Registrar Address 2,,,
,,,,,,,,reg_add3,varchar(100),Registrar Address 3,,,
,,,,,,,,reg_add4,varchar(100),Registrar Address 4,,,
,,,,,,,,reg_tel,varchar(100),Registrar Telephone,,,
,,,,,,,,reg_fax,varchar(100),Registrar Fax,,,
,,,,,,,,reg_email,varchar(100),Registrar Email,,,
,,,,,,,,reg_internet,varchar(100),Registrar Internet,,,
,,,,,,,,flag,varchar(100),Flag,,,
12,Board Of Directors,http://jwttoken.cmots.com/Aidea/api/BoardOfDirectors/476,,11:30 PM,Once on trading day,cocode,CMOTS Company code,Output,OutputType,OutDesc,,,
,,,,,,,,co_code,Int,CMOTS Company Code,TRUE,TRUE,
,,,,,,,,slno,Int,Serial Number for Same Multiple Records,TRUE,TRUE,
,,,,,,,,dir_name,varchar(100),Director Name,,,
,,,,,,,,dir_desg,varchar(100),Director Designation,,,
,,,,,,,,year,Int,year,TRUE,TRUE,
13,Director's Report,http://jwttoken.cmots.com/Aidea/api/DirectorsReports/6,,11:30 PM,Once on trading day,Cocode,CMOTS Company code,Output,OutputType,OutDesc,,,
,,,,,,,,co_code,Int,CMOTS Company Code,TRUE,TRUE,
,,,,,,,,lname,varchar(100),Company Long Name,,,
,,,,,,,,directorrep,ntext,Director Report,,,director_report
,,,,,,,,year,Int,YEAR,TRUE,TRUE,
,,,,,,,,symbol,varchar(50),Symbol,,,
14,Chairman's Report,http://jwttoken.cmots.com/Aidea/api/ChairmansReport/6,,11:30 PM,Once on trading day,Cocode,CMOTS Company code,Output,OutputType,OutDesc,,,
,,,,,,,,co_code,Int,CMOTS Company Code,TRUE,TRUE,
,,,,,,,,lname,varchar(100),Company Long Name,,,
,,,,,,,,chairreport,ntext,Chairman's Report,,,chairman_report
,,,,,,,,yr,Int,YEAR,TRUE,TRUE,
15,Bankers,http://jwttoken.cmots.com/Aidea/api/Bankers/6,,11:30 PM,Once on trading day,cocode,CMOTS Company code,Output,OutputType,OutDesc,,,
,,,,,,,,co_code,Int,CMOTS Company Code,TRUE,TRUE,
,,,,,,,,lname,varchar(100),Company Long Name,,,
,,,,,,,,bnk_name,varchar(50),Bank Name,TRUE,TRUE,bank_name
16,Management Biodata,http://jwttoken.cmots.com/Aidea/api/Biodata/6,,11:30 PM,Once on trading day,cocode,CMOTS Company code,Output,OutputType,OutDesc,,,
,,,,,,,,co_code,Int,CMOTS Company Code,TRUE,TRUE,
,,,,,,,,lname,varchar(100),Company Long Name,,,
,,,,,,,,memo,ntext,memo,,,
17,Auditorâ€™s Report,http://jwttoken.cmots.com/Aidea/api/AuditorsReports/6,,11:30 PM,Once on trading day,cocode,CMOTS Company code,Output,OutputType,OutDesc,,,
,,,,,,,,co_code,int,CMOTS Company Code,TRUE,TRUE,
,,,,,,,,lname,varchar(100),Company Long Name,,,
,,,,,,,,symbol,varchar(100),symbol,,,
,,,,,,,,memo,ntext,MEMO,,,auditor_report
,,,,,,,,yr,int,Year,TRUE,TRUE,
18,Notes to Account,http://jwttoken.cmots.com/Aidea/api/NotesToAccount/476/2024,,11:30 PM,Once on trading day,cocode,CMOTS Company code,Output,OutputType,OutDesc,,,
,,,,,,,,co_code,Int,CMOTS Company Code,,,
,,,,,,,,lname,varchar(100),LNAME,,,
,,,,,,,,memo,ntext,MEMO,,,notes_to_account
,,,,,,,,year,Int,year,TRUE,TRUE,
19,Finished Products,http://jwttoken.cmots.com/Aidea/api/FinishedProducts/6,,11:30 PM,Once on trading day,cocode,CMOTS Company code,Output,OutputType,OutDesc,,,
,,,,,,,,co_code,int,CMOTS Company Code,TRUE,TRUE,
,,,,,,,,lname,Varchar (100),Company Long Name,TRUE,TRUE,
,,,,,,,,yrc,int,Year,TRUE,TRUE,
,,,,,,,,prname,Varchar (100),Product Name,TRUE,TRUE,product_name
,,,,,,,,uom,Varchar (100),UOM,TRUE,TRUE,unit_of_measurement
,,,,,,,,per_sale,float,Per Sale,,,percentage_sale
,,,,,,,,inst,float,Inst,,,
,,,,,,,,prodn,float,Prodn,,,production
,,,,,,,,saleqty,float,Sale Quantity,,,sale_quantity
,,,,,,,,saleval,float,Sale Value,,,sale_value
,,,,,,,,symbol,Varchar (100),symbol,,,
20,Raw Material,http://jwttoken.cmots.com/Aidea/api/RawMaterials/6,,11:30 PM,Once on trading day,cocode,CMOTS Company code,Output,OutputType,OutDesc,,,
,,,,,,,,co_code,Int,CMOTS Company Code,TRUE,TRUE,
,,,,,,,,lname,Varchar (100),Company Long Name,,,
,,,,,,,,yrc,int,Year,TRUE,TRUE,
,,,,,,,,prname,Varchar (100),Product Name,TRUE,TRUE,product_name
,,,,,,,,uom,Varchar (100),UOM,TRUE,TRUE,unit_of_measurement
,,,,,,,,qty,float,Quantity,,,quantity
,,,,,,,,value,float,Value,,,value
,,,,,,,,year,int,Year,TRUE,TRUE,
,,,,,,,,symbol,Varchar (100),symbol,TRUE,TRUE,
21,Related Party Transaction,http://jwttoken.cmots.com/Aidea/api/Related_Party_Transaction/6,,11:30 PM,Once on trading day,cocode,CMOTS Company code,Output,OutputType,OutDesc,,,
,,,,,,,,co_code,Int,CMOTS Company Code,TRUE,TRUE,
,,,,,,,,yrc,int,Year,TRUE,TRUE,
,,,,,,,,slno,int,SLNO,TRUE,TRUE,
,,,,,,,,nat_trans,varchar(50),NAT TRANS,TRUE,TRUE,
,,,,,,,,assoc,float,ASSOC,,,associate
,,,,,,,,subsi,float,SUBSI,,,subsidiary
,,,,,,,,kmp,float,KMP,,,kmp
,,,,,,,,rkmp,float,RKMP,,,rkmp
,,,,,,,,jv,float,JV,,,joint_venture
,,,,,,,,ind,float,IND,,,independent
,,,,,,,,oth,float,OTH,,,others
,,,,,,,,hc,float,HC,,,
,,,,,,,,type,varchar(50),TYPE,TRUE,TRUE,type
,,,,,,,,subtype,varchar(50),SUBT YPE,TRUE,TRUE,sub_type
,,,,,,,,total,float,TOTAL,,,total
,,,,,,,,class,varchar(50),CLASS,TRUE,TRUE,
,,,,,,,,flag,varchar(20),FLAG,TRUE,TRUE,
22,Subsidiaries_JVs_Collaborations,http://jwttoken.cmots.com/Aidea/api/Subsidiaries_JVs_Collaborations/6,,11:30 PM,Once on trading day,cocode,CMOTS Company code,Output,OutputType,OutDesc,,,
,,,,,,,,co_code,Int,CMOTS Company Code,TRUE,TRUE,
,,,,,,,,lname,varchar(50),LNAME,,,long_name
,,,,,,,,coll_name,varchar(50),COLL_NAME,TRUE,TRUE,collaborator_name
,,,,,,,,coll_ctry,varchar(50),COLL_CTRY,TRUE,TRUE,collaborator_ctry
,,,,,,,,coll_country,varchar(50),PERC_SH,TRUE,TRUE,collaborator_country
,,,,,,,,PERC_SH,float,PERC_SH,TRUE,TRUE,
23,Deferred Tax,http://jwttoken.cmots.com/Aidea/api/Deferred_Tax/6,,11:30 PM,Once on trading day,cocode,CMOTS Company code,Output,OutputType,OutDesc,,,
,,,,,,,,co_code,Int,CMOTS company code,TRUE,TRUE,
,,,,,,,,yrc,Int,Year,TRUE,TRUE,
,,,,,,,,aseg1,varchar(50),ASEG1,,,
,,,,,,,,aval1,int,AVAL1,,,
,,,,,,,,aseg2,varchar(50),ASEG2,,,
,,,,,,,,aval2,int,AVAL2,,,
,,,,,,,,aseg3,varchar(50),ASEG3,,,
,,,,,,,,aval3,int,AVAL3,,,
,,,,,,,,aseg4,varchar(50),ASEG4,,,
,,,,,,,,aval4,int,AVAL4,,,
,,,,,,,,aseg5,varchar(50),ASEG5,,,
,,,,,,,,aval5,int,AVAL5,,,
,,,,,,,,aseg6,varchar(50),ASEG6,,,
,,,,,,,,aval6,int,AVAL6,,,
,,,,,,,,aseg7,varchar(50),ASEG7,,,
,,,,,,,,aval7,int,AVAL7,,,
,,,,,,,,aseg8,varchar(50),ASEG8,,,
,,,,,,,,aval8,int,AVAL8,,,
,,,,,,,,aseg9,varchar(50),ASEG9,,,
,,,,,,,,aval9,int,AVAL9,,,
,,,,,,,,aseg10,varchar(50),ASEG10,,,
,,,,,,,,aval10,int,AVAL10,,,
,,,,,,,,aseg11,varchar(50),ASEG11,,,
,,,,,,,,aval11,int,AVAL11,,,
,,,,,,,,aseg12,varchar(50),ASEG12,,,
,,,,,,,,aval12,int,AVAL12,,,
,,,,,,,,aseg13,varchar(50),ASEG13,,,
,,,,,,,,aval13,int,AVAL13,,,
,,,,,,,,aseg14,varchar(50),ASEG14,,,
,,,,,,,,aval14,int,AVAL14,,,
,,,,,,,,aseg15,varchar(50),ASEG15,,,
,,,,,,,,aval15,int,AVAL15,,,
,,,,,,,,aseg16,varchar(50),ASEG16,,,
,,,,,,,,aval16,int,AVAL16,,,
,,,,,,,,aseg17,varchar(50),ASEG17,,,
,,,,,,,,aval17,int,AVAL17,,,
,,,,,,,,aseg18,varchar(50),ASEG18,,,
,,,,,,,,aval18,int,AVAL18,,,
,,,,,,,,aseg19,varchar(50),ASEG19,,,
,,,,,,,,aval19,int,AVAL19,,,
,,,,,,,,aseg20,varchar(50),ASEG20,,,
,,,,,,,,aval20,int,AVAL20,,,
,,,,,,,,lseg1,varchar(50),LSEG1,,,
,,,,,,,,lval1,int,LVAL1,,,
,,,,,,,,lseg2,varchar(50),LSEG2,,,
,,,,,,,,lval2,int,LVAL2,,,
,,,,,,,,lseg3,varchar(50),LSEG3,,,
,,,,,,,,lval3,int,LVAL3,,,
,,,,,,,,lseg4,varchar(50),LSEG4,,,
,,,,,,,,lval4,int,LVAL4,,,
,,,,,,,,lseg5,varchar(50),LSEG5,,,
,,,,,,,,lval5,int,LVAL5,,,
,,,,,,,,lseg6,varchar(50),LSEG6,,,
,,,,,,,,lval6,int,LVAL6,,,
,,,,,,,,lseg7,varchar(50),LSEG7,,,
,,,,,,,,lval7,int,LVAL7,,,
,,,,,,,,lseg8,varchar(50),LSEG8,,,
,,,,,,,,lval8,int,LVAL8,,,
,,,,,,,,lseg9,varchar(50),LSEG9,,,
,,,,,,,,lval9,int,LVAL9,,,
,,,,,,,,lseg10,varchar(50),LSEG10,,,
,,,,,,,,lval10,int,LVAL10,,,
,,,,,,,,lseg11,varchar(50),LSEG11,,,
,,,,,,,,lval11,int,LVAL11,,,
,,,,,,,,lseg12,varchar(50),LSEG12,,,
,,,,,,,,lval12,int,LVAL12,,,
,,,,,,,,lseg13,varchar(50),LSEG13,,,
,,,,,,,,lval13,int,LVAL13,,,
,,,,,,,,lseg14,varchar(50),LSEG14,,,
,,,,,,,,lval14,int,LVAL14,,,
,,,,,,,,lseg15,varchar(50),LSEG15,,,
,,,,,,,,lval15,int,LVAL15,,,
,,,,,,,,lseg16,varchar(50),LSEG16,,,
,,,,,,,,lval16,int,LVAL16,,,
,,,,,,,,lseg17,varchar(50),LSEG17,,,
,,,,,,,,lval17,int,LVAL17,,,
,,,,,,,,lseg18,varchar(50),LSEG18,,,
,,,,,,,,lval18,int,LVAL18,,,
,,,,,,,,lseg19,varchar(50),LSEG19,,,
,,,,,,,,lval19,int,LVAL19,,,
,,,,,,,,lseg20,varchar(50),LSEG20,,,
,,,,,,,,lval20,int,LVAL20,,,
,,,,,,,,atotal,int,ATOTAL,,,
,,,,,,,,ltotal,int,LTOTAL,,,
,,,,,,,,year,int,YEAR,TRUE,TRUE,
,,,,,,,,flag,Varchar(50),FLAG,TRUE,TRUE,
24,R_and_D,http://jwttoken.cmots.com/Aidea/api/R_and_D/6,,11:30 PM,Once on trading day,cocode,CMOTS Company code,Output,OutputType,OutDesc,,,
,,,,,,,,co_code,int,CMOTS company code,TRUE,TRUE,
,,,,,,,,yrc,int,Year Count,TRUE,TRUE,
,,,,,,,,capital,float,Capital,,,
,,,,,,,,recurring,float,Recurring,,,
,,,,,,,,percentage,float,Percentage,,,
,,,,,,,,year,float,Year,TRUE,TRUE,
,,,,,,,,flag,varchar,Flag,TRUE,TRUE,
25,Chronological History,http://jwttoken.cmots.com/Aidea/api/ChronologicalHistory/6,,11:30 PM,Once on trading day,cocode,CMOTS Company code,Output,OutputType,OutDesc,,,
,,,,,,,,co_code,Int,CMOTS Company Code,TRUE,TRUE,
,,,,,,,,lname,Varchar (100),Company Long Name,,,
,,,,,,,,yrc,int,year,TRUE,TRUE,
,,,,,,,,eqtyason,varchar(50),Equity as on,TRUE,TRUE,
,,,,,,,,eqty,float,Equity,,,
,,,,,,,,remarks,varchar(500),Remark,,,
26,Company History,http://jwttoken.cmots.com/Aidea/api/CompanyHistory/6,,11:30 PM,Once on trading day,cocode,CMOTS Company code,Output,OutputType,OutDesc,,,
,,,,,,,,co_code,Int,CMOTS Company Code,TRUE,TRUE,
,,,,,,,,lname,Varchar (100),Company Long Name,,,
,,,,,,,,memo,ntext,company history description - Memo,,,
27,Location,http://jwttoken.cmots.com/Aidea/api/locations/6,,11:30 PM,Once on trading day,cocode,CMOTS Company code,Output,OutputType,OutDesc,,,
,,,,,,,,co_code,int,CMOTS company code,TRUE,TRUE,
,,,,,,,,type,varchar(50),TYPE,TRUE,TRUE,
,,,,,,,,add1,varchar(50),ADD1,TRUE,FALSE,
,,,,,,,,add2,varchar(50),ADD2,TRUE,FALSE,
,,,,,,,,add3,varchar(50),ADD3,TRUE,FALSE,
,,,,,,,,city,varchar(50),CITY,TRUE,TRUE,
,,,,,,,,pin,varchar(50),PIN,TRUE,TRUE,
,,,,,,,,tel1,varchar(50),TEL1,,,
,,,,,,,,fax1,varchar(50),FAX1,,,
,,,,,,,,st_name,varchar(50),ST_NAME,,,
28,Credit Rating Info,http://jwttoken.cmots.com/Aidea/api/CreditRatingInfo/476,,11:30 PM,Once on trading day,cocode,CMOTS Company code,Output,OutputType,OutDesc,,,
,,,,,,,,co_code,Int,CMOTS Company Code,TRUE,TRUE,
,,,,,,,,ratdate,datetime,RATDATE,TRUE,TRUE,
,,,,,,,,sectype,varchar(50),SEC TYPE,TRUE,TRUE,
,,,,,,,,amount,Int,AMOUNT,TRUE,,
,,,,,,,,rating,varchar(50),RATING,TRUE,TRUE,
,,,,,,,,ratingby,varchar(50),RATING BY,TRUE,TRUE,
,,,,,,,,type,varchar(50),TYPE,TRUE,TRUE,
,,,,,,,,note,varchar(50),NOTE,,,
,,,,,,,,stoblig,varchar(50),STOBLIG,,,
,,,,,,,,stattype,varchar(50),STAT TYPE,TRUE,TRUE,
29,Employee Count,http://jwttoken.cmots.com/Aidea/api/EmployeeCount/6,,11:30 PM,Once on trading day,cocode,CMOTS Company code,Output,OutputType,OutDesc,,,
,,,,,,,,co_code,Int,CMOTS Company Code,TRUE,TRUE,
,,,,,,,,yrc,int,YRC,TRUE,TRUE,
,,,,,,,,totalempoyee_male,float,Total Empoyee Male,,,
,,,,,,,,totalempoyee_female,float,Total Empoyee Female,,,
,,,,,,,,totalempoyee,float,Total Empoyee,,,
,,,,,,,,totalemployee_contractbasis,float,Total Employee Contract basis,,,
,,,,,,,,permenantwomenemployee,float,Permenant Women Employee,,,
,,,,,,,,permenantdisabledemployee,float,Permenant Disabled Employee,,,
30,Corporate Governance,http://jwttoken.cmots.com/Aidea/api/CorporateGovernance/6,,11:30 PM,Once on trading day,cocode,CMOTS Company Code,Output,OutputType,OutDesc,,,
,,,,,,,,co_code,int,CMOTS company code,TRUE,TRUE,
,,,,,,,,date,datetime,Date,TRUE,TRUE,
,,,,,,,,corpgov_report,ntext,Corp Gov Report,,,
31,Capital structure,http://jwttoken.cmots.com/Aidea/api/capital-structure/1375,,11:30 PM,Once on trading day,co_code,CMOTS Company Code,Output,OutputType,OutDesc,,,
,,,,,,,,co_code,int,co_code,TRUE,TRUE,
,,,,,,,,YRC,int,YRC,TRUE,TRUE,
,,,,,,,,EquityAuthorised,int,EquityAuthorised,,,
,,,,,,,,EquityIssued,float,EquityIssued,,,
,,,,,,,,EquitySubs,float,EquitySubs,,,
,,,,,,,,FaceValue,int,FaceValue,,,
,,,,,,,,EquitySharesPaidUp,float,EquitySharesPaidUp,,,
,,,,,,,,EquityPaidUp,float,EquityPaidUp,,,
32,Pledged Shares,http://jwttoken.cmots.com/Aidea/api/Pledgesharesdetails/6,,11:30 PM,Once on trading day,cocode,CMOTS Company Code,Output,OutputType,OutDesc,,,
,,,,,,,,co_code,int,CMOTS Company Code,TRUE,TRUE,
,,,,,,,,date,datetime,date,TRUE,TRUE,plede_date
,,,,,,,,type,varchar(50),Type,TRUE,TRUE,pledge_type
,,,,,,,,name,varchar(50),name,TRUE,TRUE,pledger_name
,,,,,,,,totalpledgeshares,float,Total Pledge Shares,,,total_shares_pledged
,,,,,,,,perc_totalsharesheld,float,TotalShares Held(%),,,percentage_shares_pledged
33,Capital Adequacy Ratio,http://jwttoken.cmots.com/Aidea/api/CRAR/4987,,11:30 PM,Once on trading day,co_code,CMOTS Company Code,Output,OutputType,OutDesc,,,
,,,,,,,,co_code,int,CMOTS Company Code,TRUE,TRUE,
,,,,,,,,yrc,int,Year,TRUE,TRUE,
,,,,,,,,grossnonperformingassets,float,Gross Non Performing Assets,,,gross_non_performing_assets
,,,,,,,,netnonperformingassets,float,Net Non Performing Assets,,,net_non_performing_assets
,,,,,,,,capitaladequacyratio_baseliii,float,Capital Adequacy Ratio BaselIII,,,captial_adequacy_ratio_baseliii
,,,,,,,,tiericapital,float,TierI Capital,,,tier_1_capital
,,,,,,,,tieriicapital,float,TierII Capital,,,tier_2_capital
34,Insider Trading,http://jwttoken.cmots.com/Aidea/api/InsiderTrading/476,,11:30 PM,Once on trading day,co_code,CMOTS Company code,Output,OutputType,OutDesc,,,
,,,,,,,,co_code,Int,CMOTS Company Code,TRUE,TRUE,
,,,,,,,,companyname,Varchar(100),Company Name,,,
,,,,,,,,personname,Varchar(100),PERSON NAME,TRUE,TRUE,insider_name
,,,,,,,,category,Varchar(100),CATEGORY,TRUE,TRUE,insider_category
,,,,,,,,typeofsecuritiesheldprior,Varchar(100),Type of Securities held Prior,TRUE,TRUE,type_of_securities_before
,,,,,,,,numberofsecuritiesheldprior,float,Number of Securities held Prior,TRUE,,number_of_securites_before
,,,,,,,,percentage_securitiesheldprior,Float,Percentage Securitie sheld Prior,TRUE,,percent_of_securites_before
,,,,,,,,valueofsecurities,float,Value of Securities,TRUE,,value_of_securites_before
,,,,,,,,totalsecurities,float,Total Securities,TRUE,,total_securities
,,,,,,,,transactiontype,Varchar(100),Transaction Type,TRUE,TRUE,transaction_type
,,,,,,,,typeofsecuritiesheldpost,varchar(50),Type of Securities held Post,TRUE,,type_of_securities_post_after
,,,,,,,,numberofsecuritiesheldpost,float,Number of Securities held Post,TRUE,,number_of_securites_after
,,,,,,,,percentage_securitiesheldpost,Float,Securities held Post(%),TRUE,,percentage_of_securites_after
,,,,,,,,fromdateofacquisition,Datetime,FromDate of Acquisition,TRUE,TRUE,from_date_of_transaction
,,,,,,,,todateofacquisition,Datetime,ToDate of Acquisition,TRUE,TRUE,to_date_of_transaction
,,,,,,,,modeofacquisition,Varchar(100),Mode of Acquisition,TRUE,TRUE,transaction_mode
,,,,,,,,ExchangeReportedDate,Datetime,ExchangeReportedDate,TRUE,TRUE,transaction_reported_date
35,Substantial Acquisition of Shares,http://jwttoken.cmots.com/Aidea/api/SubstantialAcquisition/476,,11:30 PM,Once on trading day,cocode,CMOTS Company Code,Output,OutputType,OutDesc,,,
,,,,,,,,co_code,Int,CMOTS Company Code,TRUE,TRUE,
,,,,,,,,SecurityName,varchar(100),Security Name,TRUE,TRUE,security_name
,,,,,,,,NameofAcquirer_Seller,varchar(100),Name of Acquirer Seller,TRUE,TRUE,name_of_person
,,,,,,,,Promoter_PromoterGroup,varchar(100),Promoter Promoter Group,TRUE,TRUE,is_promoter_group
,,,,,,,,TransactionPeriod,Datetime,Transaction Period,TRUE,TRUE,transaction_date
,,,,,,,,Acq_Sale,varchar(100),Acquired Sale,TRUE,TRUE,acquistion_or_sale
,,,,,,,,ModeofBuy_Sale,varchar(100),Mode of Buy Sale,TRUE,TRUE,transaction_mode
,,,,,,,,TransactedQuantity,float,Transacted Quantity,,,transacted_quantity
,,,,,,,,TransactedQuantity_PerChange,Float,Transacted Quantity Per Change,,,transacted_quantity_percent_change
,,,,,,,,HoldingAfterTransactionQuantity,float,Holding After Transaction Quantity,,,holding_quantity_after_transaction
,,,,,,,,HoldingAfterTransaction_PerChange_TotalCapital,Float,Holding After Transaction Percentage Change Total Capital,,,holding_percentage_change_in_total_capital
,,,,,,,,HoldingAfterTransaction_PerChange_DilutedCapital,Float,Holding After Transaction Pecentage Change Diluted Capital,,,holding_percentage_change_in_diluted_capital
,,,,,,,,ExchangeReportedDate,Datetime,Exchange Reported Date,TRUE,TRUE,transaction_date
36,Shareholding Pattern Detailed,http://jwttoken.cmots.com/Aidea/api/ShareholdingMorethanonePerDetails/476,type_of_shareholding is one of ['Public Shareholding' {{comma}} 'Shareholding of Promoter and Promoter Group'],11:30 PM,Once on trading day,co_code,CMOTS Company Code,Output,OutputType,OutDesc,,,
,,,,,,,,co_code,int,CMOTS Company Code,TRUE,TRUE,
,,,,,,,,yrc,int,Year Count,TRUE,TRUE,year
,,,,,,,,slno,int,Serial No,TRUE,TRUE,
,,,,,,,,type,varchar(100),type_of_shareholding,TRUE,TRUE,type_of_shareholding
,,,,,,,,name,varchar(100),Name,TRUE,TRUE,name
,,,,,,,,PercentageStakeHolding,Float,Percentage Stake Holding,,,percentage_stake_holding
37,Shareholding Pattern Aggregate,http://jwttoken.cmots.com/Aidea/api/Aggregate-Share-Holding/5400,,11:30 PM,Once on trading day,cocode,CMOTS Company Code,Output,OutputType,OutDesc,,,
,,,,,,,,co_code,int,CMOTS Company Code,TRUE,TRUE,
,,,,,,,,YRC,int,Year Count,TRUE,TRUE,year
,,,,,,,,Promoters,Float,Promoters,,,promoters_percentage_share
,,,,,,,,Retail,Float,Retailors,,,retail_percentage_share
,,,,,,,,ForeignInstitution,Float,Foreigh Institution,,,foreign_institutions_percentage_share
,,,,,,,,MutualFund,Float,Mutual Fund,,,mutual_funds_percentage_share
,,,,,,,,OtherDomesticInstitution,Float,Other Domestic Institution,,,other_domestic_institution_share
,,,,,,,,Others,Float,Others,,,others_percentage_share
38,Shareholding Pattern More Than 1 Percent,http://jwttoken.cmots.com/Aidea/api/ShareholdingMorethanOnePercent/476,type_of_shareholding is one of ['Public Shareholding' {{comma}} 'Shareholding of Promoter and Promoter Group'],11:30 PM,Once on trading day,co_code,CMOTS Company Code,Output,OutputType,OutDesc,,,
,,,,,,,,co_code,Int,CMOTS Company Code,TRUE,TRUE,
,,,,,,,,date,Date,Date,TRUE,TRUE,report_date
,,,,,,,,Type,varchar(100),Type,TRUE,TRUE,type_of_shareholding
,,,,,,,,Name,varchar(100),Name,TRUE,TRUE,shareholder_name
,,,,,,,,NOOFshares,float,No of Shares,,,number_of_shares
,,,,,,,,perstake,Float,Percentage Stake,,,percentage_stake
39,Margin Ratios,http://jwttoken.cmots.com/Aidea/api/MarginRatios/476/C,,11:30 PM,Once on trading day,cocode,CMOTS Company code,Output,OutputDataType,OutputDescription,,,
,,,,,,,,YRC,Int,Year Count,TRUE,TRUE,
,,,,,,,,co_code,Int,CMOTS Company code,TRUE,TRUE,
,,,,,,,,PBIDTIM,Float,PBIDTIM(%),,,
,,,,,,,,EBITM,Float,EBITM(%),,,
,,,,,,,,PreTaxMargin,Float,Pre Tax Margin(%),,,
,,,,,,,,PATM,Float,PATM(%),,,
,,,,,,,,YieldonAdvances,Float,YieldonAdvances,,,
,,,,,,,,YieldonInvestments,Float,YieldonInvestments,,,
,,,,,,,,CostofLiabilities,Float,CostofLiabilities,,,
,,,,,,,,NIM,Float,NIM,,,
,,,,,,,,CPM,Float,CPM(%),,,
,,,,,,,,isConsolidated,Boolean,Standalone/Consolidated,TRUE,TRUE,
40,Performance Ratios,http://jwttoken.cmots.com/Aidea/api/PerformanceRatios/476/C,,11:30 PM,Once on trading day,cocode,CMOTS Company code,Output,OutputDataType,OutputDescription,,,
,,,,,,,,YRC,Int,Year Count,TRUE,TRUE,
,,,,,,,,co_code,Int,CMOTS Company code,TRUE,TRUE,
,,,,,,,,ROA,Float,ROA(%),,,
,,,,,,,,ROE,Float,ROE(%),,,
,,,,,,,,isConsolidated,Boolean,Standalone/Consolidated,TRUE,TRUE,
41,Efficiency Ratios,http://jwttoken.cmots.com/Aidea/api/EfficiencyRatios/476/C,,11:30 PM,Once on trading day,cocode,CMOTS Company code,Output,OutputDataType,OutputDescription,,,
,,,,,,,,YRC,Int,Year Count,TRUE,TRUE,
,,,,,,,,co_code,Int,CMOTS Company code,TRUE,TRUE,
,,,,,,,,FixedCapitals_Sales,Float,Fixed Capitals/Sales(x),,,
,,,,,,,,ReceivableDays,Float,Receivable days,,,
,,,,,,,,InventoryDays,Float,Inventory days,,,
,,,,,,,,PayableDays,Float,Payable days,,,
,,,,,,,,CostIncomeRatio,Float,Payable days,,,
,,,,,,,,CoreCostIncomeRatio,Float,Payable days,,,
,,,,,,,,OperatingCostsToAssets,Float,Payable days,,,
,,,,,,,,isConsolidated,Boolean,Standalone/Consolidated,TRUE,TRUE,
42,Financial Stability Ratios,http://jwttoken.cmots.com/Aidea/api/FinancialStabilityRatios/476/C,,11:30 PM,Once on trading day,cocode,CMOTS Company code,Output,OutputDataType,OutputDescription,,,
,,,,,,,,YRC,Int,Year Count,TRUE,TRUE,
,,,,,,,,co_code,Int,CMOTS Company code,TRUE,TRUE,
,,,,,,,,TotalDebt_Equity,Float,Total Debt/Equity(x),,,
,,,,,,,,CurrentRatio,Float,Current Ratio(x),,,
,,,,,,,,QuickRatio,Float,Quick Ratio(x),,,
,,,,,,,,InterestCover,Float,Interest cover(x),,,
,,,,,,,,TotalDebt_MCap,Float,Total Debt/MCap(x),,,
,,,,,,,,isConsolidated,Boolean,Standalone/Consolidated,TRUE,TRUE,
43,Valuation Ratios,http://jwttoken.cmots.com/Aidea/api/ValuationRatios/476/C,,11:30 PM,Once on trading day,cocode,CMOTS Company code,Output,OutputDataType,OutputDescription,,,
,,,,,,,,YRC,Int,Year Count,TRUE,TRUE,
,,,,,,,,co_code,Int,CMOTS Company code,TRUE,TRUE,
,,,,,,,,PE,Float,P/E(x),,,
,,,,,,,,Price_BookValue,Float,Price/Book Value(x),,,
,,,,,,,,DividendYield,Float,Dividend Yield(%),,,
,,,,,,,,EV_EBITDA,Float,EV/EBITDA(x),,,
,,,,,,,,Mcap_Sales,Float,Mcap/Sales,,,
,,,,,,,,isConsolidated,Boolean,Standalone/Consolidated,TRUE,TRUE,
44,Cash Flow Ratios,http://jwttoken.cmots.com/Aidea/api/CashFlowRatios/6/C,,11:30 PM,Once on trading day,cocode,CMOTS Company code,Output,OutputDataType,OutputDescription,,,
,,,,,,,,YRC,Int,Year Count,TRUE,TRUE,
,,,,,,,,co_code,Int,CMOTS Company code,TRUE,TRUE,
,,,,,,,,CashFlowPerShare,Float,Cash Flow Per Share,,,
,,,,,,,,PricetoCashFlowRatio,Float,Price to Cash Flow Ratio,,,
,,,,,,,,FreeCashFlowperShare,Float,Free Cash Flow per Share,,,
,,,,,,,,PricetoFreeCashFlow,Float,Price to Free Cash Flow,,,
,,,,,,,,FreeCashFlowYield,Float,Free Cash Flow Yield,,,
,,,,,,,,Salestocashflowratio,Float,Sales to cash flow ratio's,,,
,,,,,,,,isConsolidated,Boolean,Standalone/Consolidated,TRUE,TRUE,
45,Growth Ratios,http://jwttoken.cmots.com/Aidea/api/GrowthRatio/6/C,,11:30 PM,Once on trading day,cocode,CMOTS Company code,Output,OutputDataType,OutputDescription,,,
,,,,,,,,YRC,int,Year Count,TRUE,TRUE,
,,,,,,,,co_code,Int,CMOTS Company code,TRUE,TRUE,
,,,,,,,,NetSalesGrowth,float,NetSalesGrowth,,,
,,,,,,,,EBITDAGrowth,float,EBITDAGrowth,,,
,,,,,,,,EBITGrowth,float,EBITGrowth,,,
,,,,,,,,PATGrowth,float,PATGrowth,,,
,,,,,,,,CoreOperatingIncomeGrowth,float,CoreOperatingIncomeGrowth,,,
,,,,,,,,NetProfitGrowth,float,NetProfitGrowth,,,
,,,,,,,,BVPSGrowth,float,BVPSGrowth,,,
,,,,,,,,AdvancesGrowth,float,AdvancesGrowth,,,
,,,,,,,,EPS,float,EPS,,,
,,,,,,,,isConsolidated,Boolean,Standalone/Consolidated,TRUE,TRUE,
46,Liquidity Ratios,http://jwttoken.cmots.com/Aidea/api/LiquidityRatios/6/C,,11:30 PM,Once on trading day,cocode,CMOTS Company code,Output,OutputDataType,OutputDescription,,,
,,,,,,,,YRC,Int,Year Count,TRUE,TRUE,
,,,,,,,,co_code,Int,CMOTS Company code,TRUE,TRUE,
,,,,,,,,Loans_to_Deposits,Float,Loans/Deposits(x),,,
,,,,,,,,Cash_to_Deposits,Float,Cash/Deposits(x),,,
,,,,,,,,Investment_toDeposits,Float,Investment/Deposits(x),,,
,,,,,,,,IncLoan_to_Deposit,Float,Inc Loan/Deposit(%),,,
,,,,,,,,Credit_to_Deposits,Float,Credit/Deposits(%),,,
,,,,,,,,InterestExpended_to_Interestearned,Float,Interest Expended / Interest earned(%),,,
,,,,,,,,Interestincome_to_Totalfunds,Float,Interest income / Total funds (%),,,
,,,,,,,,InterestExpended_to_Totalfunds,Float,Interest Expended / Total funds (%),,,
,,,,,,,,CASA,Float,CASA (%),,,
,,,,,,,,isConsolidated,Boolean,Standalone/Consolidated,TRUE,TRUE,
47,Trailing_TwelveMonths_Ratios,http://jwttoken.cmots.com/Aidea/api/DailyRatios/476/C,,11:30 PM,Once on trading day,Cocode,CMOTS Company Code,Output,OutputDataType,OutputDescription,,,
,,,,,,,,TTMAson,Int,TTMAson,TRUE,TRUE,
,,,,,,,,co_code,Int,CMOTS Company code,TRUE,TRUE,
,,,,,,,,date,Date,Record Date,,,
,,,,,,,,MCAP,Float,Market CAP,,,
,,,,,,,,EV,Float,EV,,,
,,,,,,,,PE,Float,PE,,,
,,,,,,,,PBV,Float,PBV,,,
,,,,,,,,DIVYIELD,Float,DIVYIELD,,,
,,,,,,,,EPS,Float,EPS,,,
,,,,,,,,BookValue,Float,Book Value,,,
,,,,,,,,ROA_TTM,Float,ROA TTM,,,
,,,,,,,,ROE_TTM,Float,ROE TTM,,,
,,,,,,,,ROCE_TTM,Float,ROCE TTM,,,
,,,,,,,,EBIT_TTM,Float,EBIT TTM,,,
,,,,,,,,EBITDA_TTM,Float,EBITDA TTM,,,
,,,,,,,,EV_Sales_TTM,Float,EV Sales TTM,,,
,,,,,,,,EV_EBITDA_TTM,Float,EV EBITDA TTM,,,
,,,,,,,,NetIncomeMargin_TTM,Float,Net Income Margin TTM,,,
,,,,,,,,GrossIncomeMargin_TTM,Float,Gross Income Margin TTM,,,
,,,,,,,,AssetTurnover_TTM,Float,Asset Turnover TTM,,,
,,,,,,,,CurrentRatio_TTM,Float,Current Ratio TTM,,,
,,,,,,,,Debt_Equity_TTM,Float,Debt Equity TTM,,,
,,,,,,,,Sales_TotalAssets_TTM,Float,Sales Total Assets TTM,,,
,,,,,,,,NetDebt_EBITDA_TTM,Float,Net Debt EBITDA TTM,,,
,,,,,,,,EBITDA_Margin_TTM,Float,EBITDA Margin TTM,,,
,,,,,,,,TotalShareHoldersEquity_TTM,float,Total Share Holders Equity TTM,,,
,,,,,,,,ShorttermDebt_TTM,float,Short term Debt TTM,,,
,,,,,,,,LongtermDebt_TTM,float,Long term Debt TTM,,,
,,,,,,,,SharesOutstanding,float,Shares Outstanding,,,
,,,,,,,,EPSDiluted,Float,EPS Diluted,,,
,,,,,,,,NetSales,float,Net Sales,,,
,,,,,,,,Netprofit,float,Net profit,,,
,,,,,,,,AnnualDividend,float,Annual Dividend,,,
,,,,,,,,COGS,float,COGS,,,
,,,,,,,,PEGRatio_TTM,Float,PEG Ratio TTM,,,
,,,,,,,,DividendPayout_TTM,Float,Dividend Payout TTM,,,
,,,,,,,,Industry_PE,Float,Industry PE,,,
,,,,,,,,isConsolidated,Boolean,Standalone/Consolidated,TRUE,TRUE,
48,Quarterly Ratios,http://jwttoken.cmots.com/Aidea/api/QuarterlyRatio/476/C,,11:30 PM,Once on trading day,Cocode,CMOTS Company Code,Output,OutputDataType,OutputDescription,,,
,,,,,,,,QtrEnd,int,Quarter End,TRUE,TRUE,
,,,,,,,,co_code,Int,CMOTS Company code,TRUE,TRUE,
,,,,,,,,MCAP,float,Market CAP,,,
,,,,,,,,EV,float,EV,,,
,,,,,,,,PE,float,PE,,,
,,,,,,,,PBV,float,PBV,,,
,,,,,,,,EPS,float,EPS,,,
,,,,,,,,BookValue,float,BookValue,,,
,,,,,,,,EBIT,float,EBIT,,,
,,,,,,,,EBITDA,float,EBITDA,,,
,,,,,,,,EV_Sales,float,EV_Sales,,,
,,,,,,,,EV_EBITDA,float,EV_EBITDA,,,
,,,,,,,,NetIncomeMargin,float,Net Income Margin,,,
,,,,,,,,GrossIncomeMargin,float,Gross Income Margin,,,
,,,,,,,,EBITDAMargin,float,EBITDA Margin,,,
,,,,,,,,EPSDiluted,float,EPS Diluted,,,
,,,,,,,,NetSales,float,Net Sales,,,
,,,,,,,,Netprofit,float,Net profit,,,
,,,,,,,,COGS,float,COGS,,,
,,,,,,,,isConsolidated,Boolean,Standalone/Consolidated,TRUE,TRUE,
49,Yearly Ratios,http://jwttoken.cmots.com/Aidea/api/YearlyRatio/6068/C,,11:30 PM,Once on trading day,Cocode,CMOTS Company Code,Output,OutputDataType,OutputDescription,,,
,,,,,,,,YearEnd,int,Year End,TRUE,TRUE,
,,,,,,,,co_code,Int,CMOTS Company code,TRUE,TRUE,
,,,,,,,,MCAP,float,Market CAP,,,
,,,,,,,,EV,float,EV,,,
,,,,,,,,PE,float,PE,,,
,,,,,,,,PBV,float,PBV,,,
,,,,,,,,DIVYIELD,float,DIVYIELD,,,
,,,,,,,,DividendPayout,float,Dividend Payout,,,
,,,,,,,,EPS,float,EPS,,,
,,,,,,,,BookValue,float,BookValue,,,
,,,,,,,,ROA,float,ROA,,,
,,,,,,,,ROE,float,ROE,,,
,,,,,,,,ROCE,float,ROCE,,,
,,,,,,,,EBIT,float,EBIT,,,
,,,,,,,,EBITDA,float,EBITDA,,,
,,,,,,,,EV_Sales,float,EV_Sales,,,
,,,,,,,,EV_EBITDA,float,EV_EBITDA,,,
,,,,,,,,NetIncomeMargin,float,Net Income Margin,,,
,,,,,,,,GrossIncomeMargin,float,Gross Income Margin,,,
,,,,,,,,AssetTurnover,float,Asset Turnover,,,
,,,,,,,,CurrentRatio,float,Current Ratio,,,
,,,,,,,,Debt_Equity,float,Debt Equity,,,
,,,,,,,,FCF_Margin,float,FCF Margin,,,
,,,,,,,,Sales_TotalAsset,float,Sales TotalAsset,,,
,,,,,,,,NetDebt_FCF,float,Net Debt FCF,,,
,,,,,,,,NetDebt_EBITDA,float,Net Debt EBITDA,,,
,,,,,,,,EBITDA_Margin,float,EBITDA Margin,,,
,,,,,,,,TotalShareHoldersEquity,float,Total Share Holders Equity,,,
,,,,,,,,ShorttermDebt,float,Short term Debt,,,
,,,,,,,,LongtermDebt,float,Long term Debt,,,
,,,,,,,,SharesOutstanding,float,Shares Out Standing,,,
,,,,,,,,NetSales,float,Net Sales,,,
,,,,,,,,Netprofit,float,Net profit,,,
,,,,,,,,AnnualDividend,float,Annual Dividend,,,
,,,,,,,,COGS,float,COGS,,,
,,,,,,,,RetainedEarnings,float,Retained Earnings,,,
,,,,,,,,isConsolidated,Boolean,Standalone/Consolidated,TRUE,TRUE,
50,Yearly Result Based Ratios,http://jwttoken.cmots.com/Aidea/api/YearlyResultBasedRatios/476/C,,11:30 PM,Once on trading day,Cocode,CMOTS Company Code,Output,OutputDataType,OutputDescription,,,
,,,,,,,,YearEnd,int,Year End,TRUE,TRUE,
,,,,,,,,co_code,Int,CMOTS Company code,TRUE,TRUE,
,,,,,,,,MCAP,float,Market Cap,,,
,,,,,,,,EV,float,EV,,,
,,,,,,,,PE,float,PE,,,
,,,,,,,,PBV,float,PBV,,,
,,,,,,,,DIVYIELD,float,DIV YIELD,,,
,,,,,,,,DividendPayout,float,Dividend Payout,,,
,,,,,,,,EPS,float,EPS,,,
,,,,,,,,BookValue,float,Book Value,,,
,,,,,,,,ROA,float,ROA,,,
,,,,,,,,ROE,float,ROE,,,
,,,,,,,,ROCE,float,ROCE,,,
,,,,,,,,EBIT,float,EBIT,,,
,,,,,,,,EBITDA,float,EBITDA,,,
,,,,,,,,EV_Sales,float,EV Sales,,,
,,,,,,,,EV_EBITDA,float,EV EBITDA,,,
,,,,,,,,NetIncomeMargin,float,Net Income Margin,,,
,,,,,,,,GrossIncomeMargin,float,Gross Income Margin,,,
,,,,,,,,AssetTurnover,float,Asset Turnover,,,
,,,,,,,,CurrentRatio,float,Current Ratio,,,
,,,,,,,,Debt_Equity,float,Debt Equity,,,
,,,,,,,,NetDebt_EBITDA,float,Net Debt EBITDA,,,
,,,,,,,,EBITDA_Margin,float,EBITDA Margin,,,
,,,,,,,,TotalShareholdersEquity,float,Total Share holders Equity,,,
,,,,,,,,ShorttermDebt,float,Short term Debt,,,
,,,,,,,,LongTermDebt,float,Long Term Debt,,,
,,,,,,,,EPSDiluted,float,EPS Diluted,,,
,,,,,,,,NetSales,float,Net Sales,,,
,,,,,,,,Netprofit,float,Net profit,,,
,,,,,,,,AnnualDividend,float,Annual Dividend,,,
,,,,,,,,COGS,float,COGS,,,
,,,,,,,,isConsolidated,Boolean,Standalone/Consolidated,TRUE,TRUE,
51,Return Ratios Non Bank,http://jwttoken.cmots.com/Aidea/api/RatiosReturn/476/C,,11:30 PM,Once on trading day,cocode,CMOTS Company Code,Output,OutputDataType,OutputDescription,,,
,,,,,,,,YRC,int,Year Count,TRUE,TRUE,
,,,,,,,,co_code,Int,CMOTS Company code,TRUE,TRUE,
,,,,,,,,Return_ROE,float,Return roe,,,
,,,,,,,,Return_ROE_NetProfit,float,Return roe net profit,,,
,,,,,,,,Return_ROE_Networth,float,Return roe net worth,,,
,,,,,,,,Return_ROCE,float,Return roce,,,
,,,,,,,,Return_ROCE_EBIT,float,Return roce ebit,,,
,,,,,,,,Return_ROCE_CapitalEmployed,float,Return roce capital employed,,,
,,,,,,,,Return_ReturnOnAssets,float,Return return on assets,,,
,,,,,,,,Return_ROA_NetProfit,float,Return roa net profit,,,
,,,,,,,,Return_ROA_TotalFixedAssets,float,Return roa total fixed assets,,,
,,,,,,,,isConsolidated,Boolean,Standalone/Consolidated,TRUE,TRUE,
52,Return Ratios Bank,http://jwttoken.cmots.com/Aidea/api/RatiosReturn/4987/C,,11:30 PM,Once on trading day,cocode,CMOTS Company Code,Output,OutputDataType,OutputDescription,,,
,,,,,,,,YRC,int,Year Count,TRUE,TRUE,
,,,,,,,,co_code,Int,CMOTS Company code,TRUE,TRUE,
,,,,,,,,Return_ROE,Float,Return_ROE,,,
,,,,,,,,Return_ROE_NetProfit,Float,Return_ROE_NetProfit,,,
,,,,,,,,Return_ROE_Networth,Float,Return_ROE_Networth,,,
,,,,,,,,Return_RO_Assets,Float,Return_RO_Assets,,,
,,,,,,,,Return_RO_Assets_NetProfit,Float,Return_RO_Assets_NetProfit,,,
,,,,,,,,Return_RO_Assets_TotalFixedAssets,Float,Return_RO_Assets_TotalFixedAssets,,,
,,,,,,,,Return_NetInterestMargin,Float,Return_NetInterestMargin,,,
,,,,,,,,Return_YieldOnAdvances,Float,Return_YieldOnAdvances,,,
,,,,,,,,Return_YieldOnAdvances_InterestEarned,Float,Return_YieldOnAdvances_InterestEarned,,,
,,,,,,,,Return_YieldOnAdvances_Advances,Float,Return_YieldOnAdvances_Advances,,,
,,,,,,,,isConsolidated,Boolean,Standalone/Consolidated,TRUE,TRUE,
53,Solvency Ratios,http://jwttoken.cmots.com/Aidea/api/RatiosSolvency/476/C,,11:30 PM,Once on trading day,cocode,CMOTS Company Code,Output,OutputDataType,OutputDescription,,,
,,,,,,,,yrc,int,Year Count,TRUE,TRUE,
,,,,,,,,co_code,Int,CMOTS Company code,TRUE,TRUE,
,,,,,,,,solvency_totaldebttoequityratio,float,Solvency total debt to equity ratio,,,
,,,,,,,,solvency_totaldebttoequityratio_totaldebt,float,Solvency total debt to equity ratio and total  debt,,,
,,,,,,,,solvency_totaldebttoequityratio_networth,float,Solvency total debt to equity ratio net worth,,,
,,,,,,,,solvency_interestcoverageratio,float,Solvency interest coverage ratio,,,
,,,,,,,,solvency_interestcoverageratio_ebit,float,Solvency interest coverage ratio ebit,,,
,,,,,,,,solvency_interestcoverageratio_interestpayments,float,Solvency interest coverage ratio interest payments,,,
,,,,,,,,solvency_currentratio,float,Solvency Current Ratio,,,
,,,,,,,,solvency_currentratio_currentasset,float,Solvency Current Ratio  Current   Asset,,,
,,,,,,,,solvency_currentratio_currentliabilities,float,Solvency Current Ratio Current   Liabilities,,,
,,,,,,,,isConsolidated,Boolean,Standalone/Consolidated,TRUE,TRUE,
54,Company Announcements,,,11:30 PM,Once on trading day,CO_CODE,CMOTS Company Code,Column_Name,Column_DataType,Column_Description,,,
,,,,,,,,co_code,Int,CMOTS Company Code,TRUE,TRUE,
,,,,,,,,announcement_date,Date,Announcement Date,,TRUE,
,,,,,,,,announcement_document_link,Varchar(100),Document Link,TRUE,TRUE,
,,,,,,,,announcement_text,Varchar(100),Annoucement Text,,,
,,,,,,,,announcement_text_summary,Varchar(100),Annoucement Text Summary,,,
,,,,,,,,announcement_category,Varchar(100),Annoucement Category,,,
,,,,,,,,announcement_sub_category,Varchar(100),Annoucement Subcategory,,,
,,,,,,,,announcement_impact,Varchar(100),Annoucement Impact,,,
,,,,,,,,announcement_sentiment,Varchar(100),Annoucement Sentiment,,,
55,Company New FiftyTwo Week HighLow,,,11:30 PM,Once on trading day,CO_CODE,CMOTS Company Code,Column_Name,Column_DataType,Column_Description,,,
,,,,,,,,co_code,Int,CMOTS Company Code,TRUE,TRUE,
,,,,,,,,date,Date,New High Low Date,TRUE,TRUE,
,,,,,,,,last_traded_price,float,Last Traded Price,,,
,,,,,,,,change_percent,float,Change Percent,,,
,,,,,,,,new_high_low,float,New High Low,,,
,,,,,,,,prev_high_low,float,Previous High Low,,,
,,,,,,,,prev_high_low_date,Date,Previous High Low Date,,,
,,,,,,,,is_high,boolean,Is High or Low,,,
56,Company Bulk Deals,http://jwttoken.cmots.com/Aidea/api/Bulk-Deals/nse/22-Mar-2025/24-Mar-2025,,11:30 PM,Once on trading day,DateRange,DateRange,Column_Name,Column_DataType,Column_Description,,,
,,,,,,,,co_code,Int,CMOTS Company Code,TRUE,TRUE,
,,,,,,,,date,Date,New High Low Date,TRUE,TRUE,
,,,,,,,,clientname,varchar,Client Name,TRUE,TRUE,client_name
,,,,,,,,buysell,boolean,Buy Or Sell,,,buy_or_sell
,,,,,,,,avg_price,float,Average Price,,,average_price
,,,,,,,,qtyshares,int,Quantity,,,shares_quantity
56,Company Block Deals,http://jwttoken.cmots.com/Aidea/api/Block-Deals/nse/22-Mar-2025/24-Mar-2025,,11:30 PM,Once on trading day,DateRange,DateRange,Column_Name,Column_DataType,Column_Description,,,
,,,,,,,,co_code,Int,CMOTS Company Code,TRUE,TRUE,
,,,,,,,,date,Date,New High Low Date,TRUE,TRUE,
,,,,,,,,clientname,varchar,Client Name,TRUE,TRUE,client_name
,,,,,,,,buysell,boolean,Buy Or Sell,,,buy_or_sell
,,,,,,,,avg_price,float,Average Price,,,average_price
,,,,,,,,qtyshares,int,Quantity,,,shares_quantity